,o3_orkg_d1_b1,o3_orkg_d1_b4,o3_orkg_d4_b1,o3_orkg_d4_b4,o3-mini_orkg_d1_b1,o3-mini_orkg_d1_b4,o3-mini_orkg_d4_b1,o3-mini_orkg_d4_b4
o3_orkg_d1_b1,1.000000,0.432919,0.435630,0.426949,0.383810,0.388844,0.378226,0.386281
o3_orkg_d1_b4,0.432919,1.000000,0.432316,0.428152,0.385740,0.388682,0.383019,0.387394
o3_orkg_d4_b1,0.435630,0.432316,1.000000,0.432791,0.372261,0.376088,0.372441,0.374384
o3_orkg_d4_b4,0.426949,0.428152,0.432791,1.000000,0.369511,0.375944,0.369984,0.375227
o3-mini_orkg_d1_b1,0.383810,0.385740,0.372261,0.369511,1.000000,0.496781,0.495762,0.475580
o3-mini_orkg_d1_b4,0.388844,0.388682,0.376088,0.375944,0.496781,1.000000,0.492153,0.484144
o3-mini_orkg_d4_b1,0.378226,0.383019,0.372441,0.369984,0.495762,0.492153,1.000000,0.486930
o3-mini_orkg_d4_b4,0.386281,0.387394,0.374384,0.375227,0.475580,0.484144,0.486930,1.000000
