,o3-mini_orkg_d1_b1,o3_orkg_d1_b1,o3-mini_orkg_d1_b4,o3_orkg_d1_b4,o3-mini_orkg_d4_b1,o3_orkg_d4_b1,o3-mini_orkg_d4_b4,o3_orkg_d4_b4
o3-mini_orkg_d1_b1,0.000000,0.423075,0.326434,0.424989,0.335417,0.423420,0.345098,0.434267
o3_orkg_d1_b1,0.423075,0.000000,0.421772,0.397041,0.424494,0.397111,0.423657,0.404726
o3-mini_orkg_d1_b4,0.326434,0.421772,0.000000,0.423496,0.334963,0.421528,0.337332,0.431493
o3_orkg_d1_b4,0.424989,0.397041,0.423496,0.000000,0.426880,0.400198,0.423141,0.402371
o3-mini_orkg_d4_b1,0.335417,0.424494,0.334963,0.426880,0.000000,0.423396,0.338326,0.434217
o3_orkg_d4_b1,0.423420,0.397111,0.421528,0.400198,0.423396,0.000000,0.422189,0.402299
o3-mini_orkg_d4_b4,0.345098,0.423657,0.337332,0.423141,0.338326,0.422189,0.000000,0.428710
o3_orkg_d4_b4,0.434267,0.404726,0.431493,0.402371,0.434217,0.402299,0.428710,0.000000
