,o3-mini_orkg_d4_b1,o3-mini_orkg_d4_b4,o3_orkg_d4_b1,o3_orkg_d4_b4
o3-mini_orkg_d4_b1,0.000000,0.338326,0.423396,0.434217
o3-mini_orkg_d4_b4,0.338326,0.000000,0.422189,0.428710
o3_orkg_d4_b1,0.423396,0.422189,0.000000,0.402299
o3_orkg_d4_b4,0.434217,0.428710,0.402299,0.000000
