,o3-mini_orkg_d1_b1,o3_orkg_d1_b1,o3-mini_orkg_d1_b4,o3_orkg_d1_b4,o3-mini_orkg_d4_b1,o3_orkg_d4_b1,o3-mini_orkg_d4_b4,o3_orkg_d4_b4
o3-mini_orkg_d1_b1,0.000000,0.205325,0.141012,0.212473,0.150101,0.223660,0.173042,0.210843
o3_orkg_d1_b1,0.205325,0.000000,0.204788,0.203214,0.222001,0.200202,0.222037,0.199228
o3-mini_orkg_d1_b4,0.141012,0.204788,0.000000,0.205072,0.153469,0.223327,0.162557,0.208821
o3_orkg_d1_b4,0.212473,0.203214,0.205072,0.000000,0.222184,0.207244,0.227899,0.201357
o3-mini_orkg_d4_b1,0.150101,0.222001,0.153469,0.222184,0.000000,0.230337,0.170891,0.226468
o3_orkg_d4_b1,0.223660,0.200202,0.223327,0.207244,0.230337,0.000000,0.235165,0.205769
o3-mini_orkg_d4_b4,0.173042,0.222037,0.162557,0.227899,0.170891,0.235165,0.000000,0.212233
o3_orkg_d4_b4,0.210843,0.199228,0.208821,0.201357,0.226468,0.205769,0.212233,0.000000
