,o3-mini_orkg_d1_b1,o3-mini_orkg_d1_b4,o3_orkg_d1_b1,o3_orkg_d1_b4
o3-mini_orkg_d1_b1,0.000000,0.326434,0.423075,0.424989
o3-mini_orkg_d1_b4,0.326434,0.000000,0.421772,0.423496
o3_orkg_d1_b1,0.423075,0.421772,0.000000,0.397041
o3_orkg_d1_b4,0.424989,0.423496,0.397041,0.000000
