,o3-mini_orkg_d1_b1,o3_orkg_d1_b1,o3-mini_orkg_d1_b4,o3_orkg_d1_b4,o3-mini_orkg_d4_b1,o3_orkg_d4_b1,o3-mini_orkg_d4_b4,o3_orkg_d4_b4
o3-mini_orkg_d1_b1,1.000000,0.271091,0.370634,0.288918,0.372516,0.281786,0.382617,0.291889
o3_orkg_d1_b1,0.271091,1.000000,0.260117,0.304309,0.277876,0.381923,0.280089,0.335059
o3-mini_orkg_d1_b4,0.370634,0.260117,1.000000,0.291926,0.377302,0.280662,0.370144,0.289722
o3_orkg_d1_b4,0.288918,0.304309,0.291926,1.000000,0.267166,0.334211,0.324373,0.341189
o3-mini_orkg_d4_b1,0.372516,0.277876,0.377302,0.267166,1.000000,0.276621,0.385591,0.315571
o3_orkg_d4_b1,0.281786,0.381923,0.280662,0.334211,0.276621,1.000000,0.326837,0.328954
o3-mini_orkg_d4_b4,0.382617,0.280089,0.370144,0.324373,0.385591,0.326837,1.000000,0.310485
o3_orkg_d4_b4,0.291889,0.335059,0.289722,0.341189,0.315571,0.328954,0.310485,1.000000
