,o3-mini_orkg_d1_b4,o3-mini_firecrawl_d1_b4,o3-mini_orkg_d4_b1,o3-mini_firecrawl_d4_b1,o3_orkg_d1_b4,o3_firecrawl_d1_b4,o3_orkg_d4_b1,o3_firecrawl_d4_b1
o3-mini_orkg_d1_b4,0.000000,0.329512,0.334963,0.338152,0.423496,0.430126,0.421528,0.431903
o3-mini_firecrawl_d1_b4,0.329512,0.000000,0.338161,0.334503,0.422733,0.426521,0.420738,0.428721
o3-mini_orkg_d4_b1,0.334963,0.338161,0.000000,0.338241,0.426880,0.432523,0.423396,0.433033
o3-mini_firecrawl_d4_b1,0.338152,0.334503,0.338241,0.000000,0.423594,0.430862,0.423462,0.430391
o3_orkg_d1_b4,0.423496,0.422733,0.426880,0.423594,0.000000,0.404360,0.400198,0.401799
o3_firecrawl_d1_b4,0.430126,0.426521,0.432523,0.430862,0.404360,0.000000,0.403764,0.402516
o3_orkg_d4_b1,0.421528,0.420738,0.423396,0.423462,0.400198,0.403764,0.000000,0.404991
o3_firecrawl_d4_b1,0.431903,0.428721,0.433033,0.430391,0.401799,0.402516,0.404991,0.000000
