config,n_docs,depth_mean,depth_std,breadth_mean,breadth_std,rigor_mean,rigor_std,innovation_mean,innovation_std,gap_mean,gap_std,overall_mean,overall_std
d1_b1,49,0.873061,0.104241,0.879184,0.076741,0.769388,0.117793,0.906735,0.03814,0.882653,0.068891,0.862204,0.04466
d1_b4,49,0.874694,0.082341,0.895306,0.062142,0.76102,0.100818,0.915714,0.038651,0.870408,0.087294,0.863429,0.035738
d4_b1,49,0.857143,0.102817,0.887143,0.058658,0.745306,0.114484,0.916939,0.035063,0.891224,0.057237,0.859551,0.037797
d4_b4,49,0.893878,0.104644,0.933878,0.042321,0.824898,0.068307,0.922041,0.024824,0.902041,0.064618,0.895347,0.028981
