config,n_docs,depth_mean,depth_std,breadth_mean,breadth_std,rigor_mean,rigor_std,innovation_mean,innovation_std,gap_mean,gap_std,overall_mean,overall_std
d1_b1,49,0.789796,0.09204,0.806735,0.084428,0.722449,0.098261,0.915306,0.026427,0.870612,0.074817,0.82098,0.046927
d1_b4,49,0.791224,0.077739,0.823469,0.061927,0.712041,0.090395,0.917347,0.026012,0.884694,0.074836,0.825755,0.038402
d4_b1,49,0.784898,0.087973,0.807143,0.078947,0.713878,0.094043,0.920204,0.030672,0.875102,0.071632,0.820245,0.036551
d4_b4,49,0.785918,0.08432,0.86102,0.105931,0.740816,0.115561,0.927347,0.021738,0.893673,0.072554,0.841755,0.056504
