,o3-mini_orkg_d1_b1,o3_orkg_d1_b1,o3-mini_orkg_d1_b4,o3_orkg_d1_b4,o3-mini_orkg_d4_b1,o3_orkg_d4_b1,o3-mini_orkg_d4_b4,o3_orkg_d4_b4
o3-mini_orkg_d1_b1,1.000000,0.383810,0.496781,0.385740,0.495762,0.372261,0.475580,0.369511
o3_orkg_d1_b1,0.383810,1.000000,0.388844,0.432919,0.378226,0.435630,0.386281,0.426949
o3-mini_orkg_d1_b4,0.496781,0.388844,1.000000,0.388682,0.492153,0.376088,0.484144,0.375944
o3_orkg_d1_b4,0.385740,0.432919,0.388682,1.000000,0.383019,0.432316,0.387394,0.428152
o3-mini_orkg_d4_b1,0.495762,0.378226,0.492153,0.383019,1.000000,0.372441,0.486930,0.369984
o3_orkg_d4_b1,0.372261,0.435630,0.376088,0.432316,0.372441,1.000000,0.374384,0.432791
o3-mini_orkg_d4_b4,0.475580,0.386281,0.484144,0.387394,0.486930,0.374384,1.000000,0.375227
o3_orkg_d4_b4,0.369511,0.426949,0.375944,0.428152,0.369984,0.432791,0.375227,1.000000
