,o3_orkg_d1_b4,o3_firecrawl_d1_b4,o3-mini_orkg_d1_b4,o3-mini_firecrawl_d1_b4,o3_orkg_d4_b1,o3_firecrawl_d4_b1,o3-mini_orkg_d4_b1,o3-mini_firecrawl_d4_b1
o3_orkg_d1_b4,0.000000,0.407021,0.426253,0.425883,0.403672,0.404725,0.431018,0.427825
o3_firecrawl_d1_b4,0.407021,0.000000,0.433295,0.429663,0.407868,0.404867,0.436759,0.436487
o3-mini_orkg_d1_b4,0.426253,0.433295,0.000000,0.340346,0.426407,0.435602,0.345926,0.348659
o3-mini_firecrawl_d1_b4,0.425883,0.429663,0.340346,0.000000,0.425604,0.432486,0.349558,0.345167
o3_orkg_d4_b1,0.403672,0.407868,0.426407,0.425604,0.000000,0.408483,0.429290,0.430283
o3_firecrawl_d4_b1,0.404725,0.404867,0.435602,0.432486,0.408483,0.000000,0.437995,0.435920
o3-mini_orkg_d4_b1,0.431018,0.436759,0.345926,0.349558,0.429290,0.437995,0.000000,0.349250
o3-mini_firecrawl_d4_b1,0.427825,0.436487,0.348659,0.345167,0.430283,0.435920,0.349250,0.000000
