,"('o3', 1, 1, 'orkg')","('o3', 1, 4, 'orkg')","('o3', 4, 1, 'orkg')","('o3', 4, 4, 'orkg')","('o3-mini', 1, 1, 'orkg')","('o3-mini', 1, 4, 'orkg')","('o3-mini', 4, 1, 'orkg')","('o3-mini', 4, 4, 'orkg')"
"('o3', 1, 1, 'orkg')",1.0,0.5729482173919678,0.5675286054611206,0.5487390160560608,0.5193520784378052,0.5235974192619324,0.5244202017784119,0.5354471802711487
"('o3', 1, 4, 'orkg')",0.5729482173919678,1.0,0.587009072303772,0.55765300989151,0.5242515802383423,0.5408242344856262,0.5298740863800049,0.5657923817634583
"('o3', 4, 1, 'orkg')",0.5675286054611206,0.587009072303772,1.0,0.5566798448562622,0.5204195380210876,0.5354354977607727,0.5314405560493469,0.5592637658119202
"('o3', 4, 4, 'orkg')",0.5487390160560608,0.55765300989151,0.5566798448562622,1.0,0.5019153356552124,0.49810099601745605,0.4975299537181854,0.6070207953453064
"('o3-mini', 1, 1, 'orkg')",0.5193520784378052,0.5242515802383423,0.5204195380210876,0.5019153356552124,1.0,0.6097177863121033,0.6053337454795837,0.5964770913124084
"('o3-mini', 1, 4, 'orkg')",0.5235974192619324,0.5408242344856262,0.5354354977607727,0.49810099601745605,0.6097177863121033,1.0,0.6184849739074707,0.6165764331817627
"('o3-mini', 4, 1, 'orkg')",0.5244202017784119,0.5298740863800049,0.5314405560493469,0.4975299537181854,0.6053337454795837,0.6184849739074707,1.0,0.6132577657699585
"('o3-mini', 4, 4, 'orkg')",0.5354471802711487,0.5657923817634583,0.5592637658119202,0.6070207953453064,0.5964770913124084,0.6165764331817627,0.6132577657699585,1.0
