,o3_orkg_d1_b1,o3_orkg_d1_b4,o3_orkg_d4_b1,o3_orkg_d4_b4,o3-mini_orkg_d1_b1,o3-mini_orkg_d1_b4,o3-mini_orkg_d4_b1,o3-mini_orkg_d4_b4
o3_orkg_d1_b1,1.000000,0.304309,0.381923,0.335059,0.271091,0.260117,0.277876,0.280089
o3_orkg_d1_b4,0.304309,1.000000,0.334211,0.341189,0.288918,0.291926,0.267166,0.324373
o3_orkg_d4_b1,0.381923,0.334211,1.000000,0.328954,0.281786,0.280662,0.276621,0.326837
o3_orkg_d4_b4,0.335059,0.341189,0.328954,1.000000,0.291889,0.289722,0.315571,0.310485
o3-mini_orkg_d1_b1,0.271091,0.288918,0.281786,0.291889,1.000000,0.370634,0.372516,0.382617
o3-mini_orkg_d1_b4,0.260117,0.291926,0.280662,0.289722,0.370634,1.000000,0.377302,0.370144
o3-mini_orkg_d4_b1,0.277876,0.267166,0.276621,0.315571,0.372516,0.377302,1.000000,0.385591
o3-mini_orkg_d4_b4,0.280089,0.324373,0.326837,0.310485,0.382617,0.370144,0.385591,1.000000
