,o3-mini_orkg_d1_b1,o3_orkg_d1_b1,o3-mini_orkg_d1_b4,o3_orkg_d1_b4,o3-mini_orkg_d4_b1,o3_orkg_d4_b1,o3-mini_orkg_d4_b4,o3_orkg_d4_b4
o3-mini_orkg_d1_b1,0.000000,0.426620,0.336257,0.428385,0.345313,0.428522,0.353580,0.437650
o3_orkg_d1_b1,0.426620,0.000000,0.424614,0.399667,0.428863,0.400360,0.426445,0.407116
o3-mini_orkg_d1_b4,0.336257,0.424614,0.000000,0.426253,0.345926,0.426407,0.346613,0.434774
o3_orkg_d1_b4,0.428385,0.399667,0.426253,0.000000,0.431018,0.403672,0.426422,0.405487
o3-mini_orkg_d4_b1,0.345313,0.428863,0.345926,0.431018,0.000000,0.429290,0.348455,0.438791
o3_orkg_d4_b1,0.428522,0.400360,0.426407,0.403672,0.429290,0.000000,0.426672,0.405825
o3-mini_orkg_d4_b4,0.353580,0.426445,0.346613,0.426422,0.348455,0.426672,0.000000,0.431636
o3_orkg_d4_b4,0.437650,0.407116,0.434774,0.405487,0.438791,0.405825,0.431636,0.000000
