,o3-mini_orkg_d1_b1,o3-mini_orkg_d1_b4,o3-mini_orkg_d4_b1,o3-mini_orkg_d4_b4,o3_orkg_d1_b1,o3_orkg_d1_b4,o3_orkg_d4_b1,o3_orkg_d4_b4
o3-mini_orkg_d1_b1,100.000000,30.440189,29.687947,24.362226,17.850667,17.764279,17.701273,13.948354
o3-mini_orkg_d1_b4,31.103682,100.000000,30.197489,25.727448,18.068169,18.294819,18.271776,14.621326
o3-mini_orkg_d4_b1,29.791380,29.668178,100.000000,25.290556,17.494145,17.551351,17.781503,14.251868
o3-mini_orkg_d4_b4,29.432611,30.400118,30.400706,100.000000,17.875324,18.099314,18.036440,18.056481
o3_orkg_d1_b1,16.917835,16.754510,16.555642,14.078747,100.000000,21.125089,21.099310,16.388101
o3_orkg_d1_b4,17.409236,17.576004,17.126002,14.693329,21.782342,100.000000,21.285123,17.101762
o3_orkg_d4_b1,17.435940,17.613482,17.409891,14.749354,21.731594,21.359807,100.000000,17.060561
o3_orkg_d4_b4,17.598163,18.038230,17.881538,18.875945,21.565411,21.887673,21.851532,100.000000
