,o3-mini_orkg_d1_b1,o3-mini_orkg_d1_b4,o3-mini_orkg_d4_b1,o3-mini_orkg_d4_b4,o3_orkg_d1_b1,o3_orkg_d1_b4,o3_orkg_d4_b1,o3_orkg_d4_b4
o3-mini_orkg_d1_b1,1.000000,0.181267,0.176543,0.134334,0.122610,0.118605,0.120135,0.090492
o3-mini_orkg_d1_b4,0.181267,1.000000,0.181407,0.155199,0.123089,0.130139,0.129430,0.107585
o3-mini_orkg_d4_b1,0.176543,0.181407,1.000000,0.158903,0.120642,0.127326,0.130525,0.111872
o3-mini_orkg_d4_b4,0.134334,0.155199,0.158903,1.000000,0.095575,0.117276,0.118197,0.167645
o3_orkg_d1_b1,0.122610,0.123089,0.120642,0.095575,1.000000,0.129520,0.132764,0.094361
o3_orkg_d1_b4,0.118605,0.130139,0.127326,0.117276,0.129520,1.000000,0.137390,0.116708
o3_orkg_d4_b1,0.120135,0.129430,0.130525,0.118197,0.132764,0.137390,1.000000,0.117430
o3_orkg_d4_b4,0.090492,0.107585,0.111872,0.167645,0.094361,0.116708,0.117430,1.000000
