,o3-mini_orkg_d1_b1,o3-mini_orkg_d1_b4,o3-mini_orkg_d4_b1,o3-mini_orkg_d4_b4,o3_orkg_d1_b1,o3_orkg_d1_b4,o3_orkg_d4_b1,o3_orkg_d4_b4
o3-mini_orkg_d1_b1,1.000000,0.936428,0.901472,0.496623,0.649781,0.625939,0.609277,0.318739
o3-mini_orkg_d1_b4,0.936428,1.000000,0.940760,0.654292,0.671036,0.703777,0.689366,0.492348
o3-mini_orkg_d4_b1,0.901472,0.940760,1.000000,0.729862,0.655737,0.714590,0.703148,0.559473
o3-mini_orkg_d4_b4,0.496623,0.654292,0.729862,1.000000,0.436059,0.665507,0.669663,0.931709
o3_orkg_d1_b1,0.649781,0.671036,0.655737,0.436059,1.000000,0.887630,0.882646,0.467101
o3_orkg_d1_b4,0.625939,0.703777,0.714590,0.665507,0.887630,1.000000,0.933266,0.705034
o3_orkg_d4_b1,0.609277,0.689366,0.703148,0.669663,0.882646,0.933266,1.000000,0.716268
o3_orkg_d4_b4,0.318739,0.492348,0.559473,0.931709,0.467101,0.705034,0.716268,1.000000
