,o3-mini_orkg_d1_b1,o3-mini_orkg_d1_b4,o3-mini_orkg_d4_b1,o3-mini_orkg_d4_b4,o3_orkg_d1_b1,o3_orkg_d1_b4,o3_orkg_d4_b1,o3_orkg_d4_b4
o3-mini_orkg_d1_b1,1.000000,0.599274,0.576308,0.444335,0.396551,0.381311,0.380861,0.293994
o3-mini_orkg_d1_b4,0.599274,1.000000,0.582272,0.482041,0.395934,0.405209,0.402339,0.326203
o3-mini_orkg_d4_b1,0.576308,0.582272,1.000000,0.484179,0.384241,0.395129,0.400951,0.327892
o3-mini_orkg_d4_b4,0.444335,0.482041,0.484179,1.000000,0.315318,0.348829,0.349173,0.476017
o3_orkg_d1_b1,0.396551,0.395934,0.384241,0.315318,1.000000,0.483231,0.486961,0.360630
o3_orkg_d1_b4,0.381311,0.405209,0.395129,0.348829,0.483231,1.000000,0.484653,0.393969
o3_orkg_d4_b1,0.380861,0.402339,0.400951,0.349173,0.486961,0.484653,1.000000,0.393947
o3_orkg_d4_b4,0.293994,0.326203,0.327892,0.476017,0.360630,0.393969,0.393947,1.000000
